մի,один,Числительные и время,LL-Q8785_(hye)-Veravi95-մի.wav.ogg,
մեկ,один,Числительные и время,,
երկու,два,Числительные и время,LL-Q8785_(hye)-Vahagn_Petrosyan-երկու.wav.ogg,
երեք,три,Числительные и время,LL-Q8785_(hye)-Vahagn_Petrosyan-երեք.wav.ogg,
չորս,четыре,Числительные и время,LL-Q8785_(hye)-Vahagn_Petrosyan-չորս.wav.ogg,
հինգ,пять,Числительные и время,LL-Q8785_(hye)-Vahagn_Petrosyan-հինգ.wav.ogg,
վեց,шесть,Числительные и время,LL-Q8785_(hye)-Vahagn_Petrosyan-վեց.wav.ogg,
յոթ,семь,Числительные и время,LL-Q8785_(hye)-Vahagn_Petrosyan-յոթ.wav.ogg,
ութ,восемь,Числительные и время,LL-Q8785_(hye)-Vahagn_Petrosyan-ութ.wav.ogg,
ինը,девять,Числительные и время,LL-Q8785_(hye)-Vahagn_Petrosyan-ինը.wav.ogg,
տասը,десять,Числительные и время,LL-Q8785_(hye)-Vahagn_Petrosyan-տասը.wav.ogg,
քսան,двадцать,Числительные и время,LL-Q8785_(hye)-Vahagn_Petrosyan-քսան.wav.ogg,
երեսուն,тридцать,Числительные и время,LL-Q8785_(hye)-Vahagn_Petrosyan-երեսուն.wav.ogg,
քառասուն,сорок,Числительные и время,LL-Q8785_(hye)-Vahagn_Petrosyan-քառասուն.wav.ogg,
հիսուն,пятьдесят,Числительные и время,LL-Q8785_(hye)-Vahagn_Petrosyan-հիսուն.wav.ogg,
վաթսուն,шестьдесят,Числительные и время,LL-Q8785_(hye)-Vahagn_Petrosyan-վաթսուն.wav.mp3,
յոթանասուն,семьдесят,Числительные и время,LL-Q8785_(hye)-Vahagn_Petrosyan-յոթանասուն.wav.ogg,
ութսուն,восемьдесят,Числительные и время,LL-Q8785_(hye)-Vahagn_Petrosyan-ութսուն.wav.ogg,
իննսուն,девяносто,Числительные и время,LL-Q8785_(hye)-Vahagn_Petrosyan-իննսուն.wav.ogg,
հարյուր,сто,Числительные и время,LL-Q8785_(hye)-Vahagn_Petrosyan-հարյուր.wav.ogg,
հազար,тысяча,Числительные и время,,
կիրակի,воскресенье,Числительные и время,LL-Q8785_(hye)-Vahagn_Petrosyan-կիրակի.wav.ogg,
երկուշաբթի,понедельник,Числительные и время,LL-Q8785_(hye)-Vahagn_Petrosyan-երկուշաբթի.wav.ogg,
երեքշաբթի,вторник,Числительные и время,LL-Q8785_(hye)-Vahagn_Petrosyan-երեքշաբթի.wav.ogg,
չորեքշաբթի,среда,Числительные и время,LL-Q8785_(hye)-Vahagn_Petrosyan-չորեքշաբթի.wav.ogg,
հինգշաբթի,четверг,Числительные и время,LL-Q8785_(hye)-Vahagn_Petrosyan-հինգշաբթի.wav.ogg,
ուրբաթ,пятница,Числительные и время,LL-Q8785_(hye)-Vahagn_Petrosyan-ուրբաթ.wav.ogg,
շաբաթ,суббота / неделя,Числительные и время,LL-Q8785_(hye)-Vahagn_Petrosyan-շաբաթ.wav.ogg,
հունվար,январь,Числительные и время,LL-Q8785_(hye)-Vahagn_Petrosyan-հունվար.wav.ogg,
փետրվար,февраль,Числительные и время,LL-Q8785_(hye)-Vahagn_Petrosyan-փետրվար.wav.ogg,
մարտ,март,Числительные и время,LL-Q8785_(hye)-Vahagn_Petrosyan-մարտ.wav.ogg,
ապրիլ,апрель,Числительные и время,,
մայիս,май,Числительные и время,LL-Q8785_(hye)-Vahagn_Petrosyan-մայիս.wav.ogg,
հունիս,июнь,Числительные и время,LL-Q8785_(hye)-Vahagn_Petrosyan-հունիս.wav.ogg,
հուլիս,июль,Числительные и время,LL-Q8785_(hye)-Vahagn_Petrosyan-հուլիս.wav.ogg,
օգոստոս,август,Числительные и время,LL-Q8785_(hye)-Vahagn_Petrosyan-օգոստոս.wav.ogg,
սեպտեմբեր,сентябрь,Числительные и время,LL-Q8785_(hye)-Vahagn_Petrosyan-սեպտեմբեր.wav.ogg,
հոկտեմբեր,октябрь,Числительные и время,,
նոյեմբեր,ноябрь,Числительные и время,LL-Q8785_(hye)-Vahagn_Petrosyan-նոյեմբեր.wav.ogg,
դեկտեմբեր,декабрь,Числительные и время,LL-Q8785_(hye)-Vahagn_Petrosyan-դեկտեմբեր.wav.ogg,
առաջին,первый,Числительные и время,,
երկրորդ,второй,Числительные и время,,
երրորդ,третий,Числительные и время,,
չորրորդ,четвёртый,Числительные и время,,
հինգերորդ,пятый,Числительные и время,,
վեցերորդ,шестой,Числительные и время,,
յոթերորդ,седьмой,Числительные и время,,
ութերորդ,восьмой,Числительные и время,,
իններորդ,девятый,Числительные и время,,
տասերորդ,десятый,Числительные и время,,
հարյուրերորդ,сотый,Числительные и время,,
հազարերորդ,тысячный,Числительные и время,,
ծանոթանալ,познакомиться,Уроки 1-5,anyuta_ծանոթանալ.ogg,
շատ ուրախ եմ,очень рад,Уроки 1-5,anyuta_շատ ուրախ եմ.ogg,
շատ հաճելի է,очень приятно,Уроки 1-5,anyuta_շատ հաճելի է.ogg,
ինձ էլ,мне тоже,Уроки 1-5,anyuta_ինձ էլ.ogg,
ես էլ,я тоже,Уроки 1-5,anyuta_ես էլ.ogg,
իմ,мой,Уроки 1-5,anyuta_իմ.ogg,
միս,мясо,Уроки 1-5,anyuta_միս.ogg,
դու,ты,Уроки 1-5,LL-Q8785_(hye)-Vahagn_Petrosyan-դու.wav.ogg,
դաս,урок,Уроки 1-5,anyuta_դաս.ogg,
նա,он/она,Уроки 1-5,LL-Q8785_(hye)-Vahagn_Petrosyan-նա.wav.ogg,
կա,"есть, имеется",Уроки 1-5,anyuta_կա.ogg,
նամակ,письмо,Уроки 1-5,LL-Q8785_(hye)-Vahagn_Petrosyan-նամակ.wav.ogg,
դանակ,нож,Уроки 1-5,anyuta_դանակ.ogg,
մամա,мама,Уроки 1-5,LL-Q8785_(hye)-Vahagn_Petrosyan-մամա.wav.ogg,
մուկ,мышь,Уроки 1-5,LL-Q8785_(hye)-Vahagn_Petrosyan-մուկ.wav.ogg,
կամ,или,Уроки 1-5,anyuta_կամ.ogg,
միակ,единственный,Уроки 1-5,LL-Q8785_(hye)-Vahagn_Petrosyan-միակ.wav.ogg,
դիակ,труп,Уроки 1-5,anyuta_դիակ.ogg,
դիմակ,маска,Уроки 1-5,anyuta_դիմակ.ogg,
հաջողություն,удачи,Уроки 1-5,anyuta_հաջողություն.ogg,
հաջող,пока,Уроки 1-5,anyuta_հաջող.ogg,
ցտեսություն,до свидания,Уроки 1-5,LL-Q8785_(hye)-Vahagn_Petrosyan-ցտեսություն.wav.ogg,
մինչ հանդիպում,до встречи,Уроки 1-5,anyuta_մինչ հանդիպում.ogg,
կարոտ,тоска,Уроки 1-5,anyuta_կարոտ.ogg,
քարոտ,каменистый,Уроки 1-5,anyuta_քարոտ.ogg,
տակ,под,Уроки 1-5,anyuta_տակ.ogg,
տաք,тёплый,Уроки 1-5,anyuta_տաք.ogg,
քնել,спать,Уроки 1-5,anyuta_քնել.ogg,
գնալ,идти,Уроки 1-5,anyuta_գնալ.ogg,
քույր,сестра,Уроки 1-5,anyuta_քույր.ogg,
կույր,слепой,Уроки 1-5,LL-Q8785_(hye)-Vahagn_Petrosyan-կույր.wav.mp3,
ցորեն,пшеница,Уроки 1-5,anyuta_ցորեն.ogg,
օրորոց,колыбель,Уроки 1-5,anyuta_օրորոց.ogg,
օր,день,Уроки 1-5,anyuta_օր.ogg,
օդ,воздух,Уроки 1-5,anyuta_օդ.ogg,
օգուտ,польза,Уроки 1-5,anyuta_օգուտ.ogg,
օրագիր,дневник,Уроки 1-5,anyuta_օրագիր.ogg,
այս,этот,Уроки 1-5,,
այսօր,сегодня,Уроки 1-5,anyuta_այսօր.ogg,
կեսօր,полдень,Уроки 1-5,LL-Q8785_(hye)-Vahagn_Petrosyan-կեսօր.wav.ogg,
ով,кто,Уроки 1-5,anyuta_ով.ogg,
ովքեր,кто (мн. число),Уроки 1-5,anyuta_ովքեր.ogg,
որդի,сын,Уроки 1-5,anyuta_որդի.ogg,
նոր,новый,Уроки 1-5,anyuta_նոր.ogg,
ոզնի,ёж,Уроки 1-5,LL-Q8785_(hye)-Vahagn_Petrosyan-ոզնի.wav.ogg,
մոտ,"близко, близкий, у, к",Уроки 1-5,anyuta_մոտ.ogg,
հոտ,запах,Уроки 1-5,,
մետրո,метро,Уроки 1-5,,
հետո,после,Уроки 1-5,,
ոսկի,золото,Уроки 1-5,,
որ,который,Уроки 1-5,,
որքան,сколько (неисчисляемое),Уроки 1-5,,
ոսկեգույն,цвет золота,Уроки 1-5,,
որովհետեվ,потому что,Уроки 1-5,,
շուտ,рано,Уроки 1-5,,
ուշ,поздно,Уроки 1-5,,
պանիր,сыр,Уроки 1-5,,
խնձոր,яблоко,Уроки 1-5,LL-Q8785_(hye)-Vahagn_Petrosyan-խնձոր.wav.ogg,
ելակ,клубника,Уроки 1-5,,
կարագ,масло,Уроки 1-5,LL-Q8785_(hye)-Vahagn_Petrosyan-կարագ.wav.ogg,
ձու,яйцо,Уроки 1-5,,
կաթ,молоко,Уроки 1-5,,
միս,мясо,Уроки 1-5,LL-Q8785_(hye)-Vahagn_Petrosyan-միս.wav.ogg,
պատրաստել,готовить,Уроки 1-5,,
նախաճաշել,завтракать,Уроки 1-5,,
դպրոց,школа,Уроки 1-5,,
սովորել,учить/учиться,Уроки 1-5,LL-Q8785_(hye)-Vahagn_Petrosyan-սովորել.wav.ogg,
ճաշել,обедать,Уроки 1-5,,
սրճարան,кафе,Уроки 1-5,,
գիշեր,ночь,Уроки 1-5,,
գինի,вино,Уроки 1-5,,
որտեղ,где,Уроки 1-5,,
որտեղից,откуда,Уроки 1-5,,
ուր,куда,Уроки 1-5,,
մուրաբա,варенье,Уроки 1-5,,
սուրճ,кофе,Уроки 1-5,LL-Q8785_(hye)-Vahagn_Petrosyan-սուրճ.wav.ogg,
թեյ,чай,Уроки 1-5,,
դե,ну,Уроки 1-5,,
դեմ,"против, перед",Уроки 1-5,,
կես,половина,Уроки 1-5,,
մեկ,один,Уроки 1-5,,
ուտել,"есть, кушать",Уроки 1-5,,
խմել,пить,Уроки 1-5,LL-Q8785_(hye)-Vahagn_Petrosyan-խմել.wav.ogg,
դնել,положить,Уроки 1-5,,
տուն,дом,Уроки 1-5,,
կին,"жена, женщина",Уроки 1-5,LL-Q8785_(hye)-Vahagn_Petrosyan-կին.wav.ogg,
ամուսին,муж,Уроки 1-5,,
անկախ,"независимый, независимо",Уроки 1-5,,
անկախություն,независимость,Уроки 1-5,,
քսանմեկ,двадцать один,Уроки 1-5,,
բաժակ,чашка,Уроки 1-5,,
կաթնաշոռ,творог,Уроки 1-5,,
եսիմ,не знаю,Уроки 1-5,,
շաբաթը,суббота / неделя,Уроки 1-5,,
ռազմիկ,воин,Уроки 1-5,,
լեռ,гора,Уроки 1-5,LL-Q8785_(hye)-Vahagn_Petrosyan-լեռ.wav.ogg,
սար,гора,Уроки 1-5,,
ձուկ,рыба,Уроки 1-5,,
ձմերուկ,арбуз,Уроки 1-5,,
ձմեռ,зима,Уроки 1-5,,
աշուն,осень,Уроки 1-5,,
ձեռք,рука,Уроки 1-5,,
զբաղված,занят,Уроки 1-5,,
ազատ,свободный,Уроки 1-5,,
ճաշել,обедать,Уроки 1-5,,
հանդիպել,"встретить, встретиться",Уроки 1-5,,
գրադարան,библиотека,Уроки 1-5,,
օտար,иностранный,Уроки 1-5,,
նաև,также,Уроки 1-5,,
ճապոներեն,японский,Уроки 1-5,,
ջիմ,спортзал,Уроки 1-5,,
սովորաբար,обычно,Уроки 1-5,,
հետ,с (послелог),Уроки 1-5,,
կամ,или,Уроки 1-5,,
հանգստանալ ,"отдыхать, успокоиться",Уроки 1-5,,
նայել,смотреть,Уроки 1-5,,
կարդալ,читать,Уроки 1-5,,
զարթնել,просыпаться,Уроки 1-5,,
արև,солнце,Уроки 1-5,,
ճուտ,цыплёнок,Уроки 1-5,LL-Q8785_(hye)-Vahagn_Petrosyan-ճուտ.wav.mp3,
ճահիճ,болото,Уроки 1-5,,
ճանճ,муха,Уроки 1-5,,
ճկուն,гибкий,Уроки 1-5,,
ճաշ,обед,Уроки 1-5,,
ճերմակ,белый,Уроки 1-5,,
ճլվլալ,чирикать,Уроки 1-5,,
ճնճղուկ,воробей,Уроки 1-5,LL-Q8785_(hye)-Vahagn_Petrosyan-ճնճղուկ.wav.ogg,
ճիշտ,правильный,Уроки 1-5,,
չիր,сухофрукты,Уроки 1-5,,
չնչին,незначительный,Уроки 1-5,,
հիշաչար,злопамятный,Уроки 1-5,,
չաչանակ,болтун,Уроки 1-5,,
ջերմ,тёплый,Уроки 1-5,,
ջուր,вода,Уроки 1-5,LL-Q8785_(hye)-Vahagn_Petrosyan-ջուր.wav.ogg,
գարեջուր,пиво,Уроки 1-5,LL-Q8785_(hye)-Vahagn_Petrosyan-գարեջուր.wav.ogg,
ջնջել,"стереть, удалить",Уроки 1-5,,
ջինջ,"чистый, ясный",Уроки 1-5,,
փյունիկ,феникс,Уроки 1-5,,
փայտ,дрова,Уроки 1-5,,
փերի,фея,Уроки 1-5,,
փետուր,перо,Уроки 1-5,,
եփել,варить,Уроки 1-5,LL-Q8785_(hye)-Vahagn_Petrosyan-եփել.wav.ogg,
թափել,"высыпать, вылить",Уроки 1-5,,
փայլփյուն,блестящий,Уроки 1-5,,
խոտ,трава,Уроки 1-5,LL-Q8785_(hye)-Vahagn_Petrosyan-խոտ.wav.ogg,
խիտ,густой,Уроки 1-5,,
վախ,страх,Уроки 1-5,LL-Q8785_(hye)-Vahagn_Petrosyan-վախ.wav.ogg,
վախենալ,бояться,Уроки 1-5,,
աղ,соль,Уроки 1-5,,
վաղ,рано,Уроки 1-5,,
վաղը,завтра,Уроки 1-5,LL-Q8785_(hye)-Vahagn_Petrosyan-վաղը.wav.ogg,
ուղեղ,ум,Уроки 1-5,,
սեղան,стол,Уроки 1-5,,
խաղալ,играть,Уроки 1-5,,
խաղող,виноград,Уроки 1-5,,
տեղ,место,Уроки 1-5,,
այստեղ,тут,Уроки 1-5,,
ամեն տեղ,везде,Уроки 1-5,,
եղանակ,погода,Уроки 1-5,,
դեղ,лекарство,Уроки 1-5,,
դեղատուն,аптека,Уроки 1-5,LL-Q8785_(hye)-Vahagn_Petrosyan-դեղատուն.wav.ogg,
տղա,"мальчик, парень",Уроки 1-5,,
աստղ,звезда,Уроки 1-5,,
գիտենալ,знать,Уроки 1-5,,
ունենալ,иметь,Уроки 1-5,,
բայց,но,Уроки 1-5,,
որովհետև,потому что,Уроки 1-5,,
կարող,мочь,Уроки 1-5,,
տեսնել,видеть,Уроки 1-5,,
գյուղ,деревня,Уроки 1-5,,
լուսամուտ,окно,Уроки 1-5,LL-Q8785_(hye)-Vahagn_Petrosyan-լուսամուտ.wav.ogg,
բացվել,открываться,Уроки 1-5,,
տեսարան,вид,Уроки 1-5,,
սիրուն,красивый,Уроки 1-5,,
սարեր,горы,Уроки 1-5,,
հյուր գնալ,пойти в гости,Уроки 1-5,,
ատամ,зуб,Уроки 6-10,,
քայլել,"ходить, гулять",Уроки 6-10,,
խնդրում եմ,пожалуйста (просьба),Уроки 6-10,,
խնդրեմ,пожалуйста (на спасибо),Уроки 6-10,LL-Q8785_(hye)-Yevgenya_Shamshyan_(Vahagn_Petrosyan)-խնդրեմ.wav.ogg,
դեռ ոչ,ещё нет,Уроки 6-10,,
դե,ну,Уроки 6-10,,
հատ,штука,Уроки 6-10,,
մի հատ,"одна штука, за одного (в автобусе)",Уроки 6-10,,
ինչքան,сколько (неисчисляемое),Уроки 6-10,,
կապի մեջ,на связи,Уроки 6-10,,
ամպամած,пасмурный,Уроки 6-10,,
մոխրագույն,серый,Уроки 6-10,LL-Q8785_(hye)-Vahagn_Petrosyan-մոխրագույն.wav.mp3,
մոխիր,пепел,Уроки 6-10,LL-Q8785_(hye)-Vahagn_Petrosyan-մոխիր.wav.ogg,
պլանավորել,планировать,Уроки 6-10,,
կարկանդակ,пирог,Уроки 6-10,,
ցուրտ,холодный,Уроки 6-10,,
խաղ,игра,Уроки 6-10,,
լսել,"слышать, слушать",Уроки 6-10,,
նվագել,играть (на муз. инструменте),Уроки 6-10,,
շուն,собака,Уроки 6-10,,
ոնց միշտ,как всегда,Уроки 6-10,,
ինձ,мне,Уроки 6-10,LL-Q8785_(hye)-Vahagn_Petrosyan-ինձ.wav.ogg,
ուտելիք,еда,Уроки 6-10,LL-Q8785_(hye)-Vahagn_Petrosyan-ուտելիք.wav.ogg,
բրինձ,рис,Уроки 6-10,,
ապուր,суп,Уроки 6-10,,
հյութ,сок,Уроки 6-10,,
հնդկաձավար,гречка,Уроки 6-10,,
աղցան,салат,Уроки 6-10,,
ձվածեղ,омлет,Уроки 6-10,,
գնել,купить,Уроки 6-10,LL-Q8785_(hye)-Vahagn_Petrosyan-գնել.wav.ogg,
վճարել,платить,Уроки 6-10,,
քարտով,картой (платить),Уроки 6-10,,
կանխիկ,наличные,Уроки 6-10,,
փող,деньги,Уроки 6-10,,
ի՞նչ արժի,сколько стоит?,Уроки 6-10,,
ինչքա՞ն եմ վճարում,сколько должен?,Уроки 6-10,,
իհարկե,конечно,Уроки 6-10,,
համ,вкус,Уроки 6-10,,
համով է,вкусный,Уроки 6-10,,
էլի՞ ինչ-որ բան,ещё что-нибудь?,Уроки 6-10,,
թարմ,свежий,Уроки 6-10,,
վերջ,всё / конец,Уроки 6-10,,
մանրը,сдача,Уроки 6-10,,
շնորհակալություն,спасибо,Уроки 6-10,,
գնորդ,покупатель,Уроки 6-10,,
գալ,прийти,Уроки 6-10,,
եկել,пришёл,Уроки 6-10,,
կերել,поел,Уроки 6-10,,
տալ,давать,Уроки 6-10,,
տվել,дал,Уроки 6-10,,
տեսել,увидел,Уроки 6-10,,
դրել,"положить, приложить",Уроки 6-10,,
տանել,нести,Уроки 6-10,,
տարել,отнёс,Уроки 6-10,,
անել,делать,Уроки 6-10,,
արել,сделал,Уроки 6-10,,
արդեն,уже,Уроки 6-10,,
ձմռանը,зимой,Уроки 6-10,,
տոնել,праздновать,Уроки 6-10,,
գրել,писать,Уроки 6-10,,
նկարել,рисовать / фотографировать / снимать,Уроки 6-10,,
երգ,песня,Уроки 6-10,,
երգ լսել,слушать музыку/песню,Уроки 6-10,,
աշխատել,работать,Уроки 6-10,,
նվագել,играть на муз. инструменте,Уроки 6-10,,
գիրք,книга,Уроки 6-10,,
երաժիշտ,музыкант,Уроки 6-10,,
կիթառ,гитара,Уроки 6-10,LL-Q8785_(hye)-Vahagn_Petrosyan-կիթառ.wav.ogg,
այգի,парк,Уроки 6-10,LL-Q8785_(hye)-Vahagn_Petrosyan-այգի.wav.ogg,
հեռախոս,телефон,Уроки 6-10,LL-Q8785_(hye)-Vahagn_Petrosyan-հեռախոս.wav.ogg,
ուսուցիչ,учитель,Уроки 6-10,LL-Q8785_(hye)-Vahagn_Petrosyan-ուսուցիչ.wav.ogg,
գրող,писатель,Уроки 6-10,LL-Q8785_(hye)-Vahagn_Petrosyan-գրող.wav.ogg,
դերասան,актёр,Уроки 6-10,,
բժիշկ,врач,Уроки 6-10,,
հիվանդանոց,больница,Уроки 6-10,LL-Q8785_(hye)-Vahagn_Petrosyan-հիվանդանոց.wav.ogg,
նկարիչ,художник,Уроки 6-10,,
դեռ,ещё (пока что),Уроки 6-10,,
համերգ,концерт,Уроки 6-10,,
ինձ հետ,со мной,Уроки 6-10,,
սիրով,с удовольствием,Уроки 6-10,,
հրապարակ,площадь,Уроки 6-10,,
միասին,вместе,Уроки 6-10,,
ջութակ,скрипка,Уроки 6-10,,
վերելակ,лифт,Уроки 6-10,,
անձրև,дождь,Уроки 6-10,,
սառը,прохладный,Уроки 6-10,,
հավես չունեմ ,нет желания,Уроки 6-10,,
տրամադրություն չունեմ,нет настроения,Уроки 6-10,,
ոչ մի տեղ,нигде,Уроки 6-10,,
ոչ մի բան,ничего,Уроки 6-10,,
պառկել,"лежать, ложиться",Уроки 6-10,,
մտածել,думать,Уроки 6-10,,
երեկ,вчера,Уроки 6-10,LL-Q8785_(hye)-Vahagn_Petrosyan-երեկ.wav.ogg,
եթե,если,Уроки 6-10,,
օֆիս,офис,Уроки 6-10,,
համար,для (послелог),Уроки 6-10,,
մեր,наш,Уроки 6-10,,
քո,твой,Уроки 6-10,,
ձեր,ваш,Уроки 6-10,,
նրա,(чей?) его,Уроки 6-10,,
նրանց,(чей/кого/кому?) их/им,Уроки 6-10,,
քեզ,тебя/тебе,Уроки 6-10,,
նրան,его/ему,Уроки 6-10,,
մեզ,нас/нам,Уроки 6-10,,
ձեզ,вас/вам,Уроки 6-10,,
սև,чёрный,Уроки 11-15,,
սպիտակ,белый,Уроки 11-15,,
կանաչ,зелёный,Уроки 11-15,,
դեղին,жёлтый,Уроки 11-15,,
կապույտ,синий,Уроки 11-15,LL-Q8785_(hye)-Vahagn_Petrosyan-կապույտ.wav.ogg,
կարմիր,красный,Уроки 11-15,LL-Q8785_(hye)-Vahagn_Petrosyan-կարմիր.wav.ogg,
նարնջագույն,оранжевый,Уроки 11-15,LL-Q8785_(hye)-Vahagn_Petrosyan-նարնջագույն.wav.ogg,
վարդագույն,розовый,Уроки 11-15,LL-Q8785_(hye)-Vahagn_Petrosyan-վարդագույն.wav.mp3,
մանուշակագույն,фиолетовый,Уроки 11-15,,
շագանակագույն,коричневый,Уроки 11-15,LL-Q8785_(hye)-Vahagn_Petrosyan-շագանակագույն.wav.ogg,
երկնագույն,голубой,Уроки 11-15,,
նարինջ,апельсин,Уроки 11-15,LL-Q8785_(hye)-Vahagn_Petrosyan-նարինջ.wav.ogg,
վարդ,роза,Уроки 11-15,,
մանուշակ,фиалка,Уроки 11-15,LL-Q8785_(hye)-Vahagn_Petrosyan-մանուշակ.wav.ogg,
շագանակ,каштан,Уроки 11-15,,
երկինք,небо,Уроки 11-15,,
արծաթ,серебро,Уроки 11-15,,
արծաթագույն,цвет серебра,Уроки 11-15,,
ոսկի,золото ,Уроки 11-15,,
ոսկեգույն ,золотой/золотистый ,Уроки 11-15,,
ասել,сказать,Уроки 11-15,,
մնացածը,остальное,Уроки 11-15,,
հենց նոր,только что,Уроки 11-15,,
ինչ,что,Уроки 11-15,,
ինչու,почему,Уроки 11-15,,
թանգարան,музей,Уроки 11-15,LL-Q8785_(hye)-Vahagn_Petrosyan-թանգարան.wav.ogg,
մութ,тёмный,Уроки 11-15,,
գազար,морковь,Уроки 11-15,LL-Q8785_(hye)-Vahagn_Petrosyan-գազար.wav.ogg,
մարդ,человек,Уроки 11-15,,
ծիածան,радуга,Уроки 11-15,,
ընթրել,ужинать,Уроки 11-15,,
հաց,хлеб,Уроки 11-15,,
լոլիկ,помидор,Уроки 11-15,LL-Q8785_(hye)-Vahagn_Petrosyan-լոլիկ.wav.ogg,
բանջարեղեն,овощи,Уроки 11-15,,
միրգ,фрукт,Уроки 11-15,,
երշիկ,колбаса,Уроки 11-15,LL-Q8785_(hye)-Vahagn_Petrosyan-երշիկ.wav.ogg,
նրբերշիկ,сосиска,Уроки 11-15,,
թթվասեր,сметана,Уроки 11-15,,
օղի,водка,Уроки 11-15,LL-Q8785_(hye)-Vahagn_Petrosyan-օղի.wav.ogg,
շաքար,сахар,Уроки 11-15,LL-Q8785_(hye)-Vahagn_Petrosyan-շաքար.wav.ogg,
միշտ,всегда,Уроки 11-15,LL-Q8785_(hye)-Vahagn_Petrosyan-միշտ.wav.ogg,
երբ,когда,Уроки 11-15,,
ամիս,месяц,Уроки 11-15,,
ծառ,дерево,Уроки 11-15,,
ծնունդ,рождение,Уроки 11-15,LL-Q8785_(hye)-Vahagn_Petrosyan-ծնունդ.wav.ogg,
տոն,праздник,Уроки 11-15,,
ընթրիք,ужин,Уроки 11-15,LL-Q8785_(hye)-Yevgenya_Shamshyan_(Vahagn_Petrosyan)-ընթրիք.wav.ogg,
մեկ-մեկ,иногда,Уроки 11-15,,
քաղաք,город,Уроки 11-15,,
շիլա,каша,Уроки 11-15,,
աստիճան,"лестница, градус",Уроки 11-15,,
հավ,курица,Уроки 11-15,,
մեքենա,машина,Уроки 11-15,LL-Q8785_(hye)-Vahagn_Petrosyan-մեքենա.wav.ogg,
ինչ-որ բան,что-нибудь,Уроки 11-15,,
չաղ,"толстый, тучный",Уроки 11-15,,
արջ,медведь,Уроки 11-15,,
հիվանդ,больной,Уроки 11-15,LL-Q8785_(hye)-Vahagn_Petrosyan-հիվանդ.wav.ogg,
մայրաքաղաք,столица,Уроки 11-15,LL-Q8785_(hye)-Vahagn_Petrosyan-մայրաքաղաք.wav.ogg,
ո՞վ է,кто это?,Уроки 11-15,,
ու՞մ եք ուզում,кого спрашиваете?,Уроки 11-15,,
սխալ եք զանգել,вы ошиблись номером,Уроки 11-15,,
ճիշտ է,"верно, точно",Уроки 11-15,,
հարմար,"удобный, подходящий",Уроки 11-15,,
հարմար չէ,не удобно (говорить),Уроки 11-15,,
կզանգեմ,позвоню,Уроки 11-15,,
կխոսենք,поговорим (ещё),Уроки 11-15,,
լու՞րջ,серьёзно?,Уроки 11-15,,
չի լսվում,не слышно,Уроки 11-15,,
եղավ,понятно,Уроки 11-15,,
"դե լավ, կապի մեջ","ладно, на связи",Уроки 11-15,,
շուտ լավացիր,поскорее поправляйся,Уроки 11-15,,
սենյակ,комната,Уроки 11-15,LL-Q8785_(hye)-Vahagn_Petrosyan-սենյակ.wav.ogg,
սպասել,ждать,Уроки 11-15,,
կազմել,составить,Уроки 11-15,,
ցուցակ,список,Уроки 11-15,,
առաջին,"первый, сначала",Уроки 11-15,,
կաթնամթերք,молочные продукты,Уроки 11-15,,
մթերք,продукты,Уроки 11-15,,
ծովամթերք,морепродукты,Уроки 11-15,,
մսամթերք,мясные продукты,Уроки 11-15,,
ծով,море,Уроки 11-15,,
խոզ,свинья,Уроки 11-15,LL-Q8785_(hye)-Vahagn_Petrosyan-խոզ.wav.mp3,
կաթնաշոռ,творог,Уроки 11-15,,
հասցեն,адрес,Уроки 11-15,,
փողոց,улица,Уроки 11-15,,
առանց,без,Уроки 11-15,,
պատմություն,"история, рассказ",Уроки 11-15,LL-Q8785_(hye)-Vahagn_Petrosyan-պատմություն.wav.ogg,
պատ,стена,Уроки 11-15,,
պատմել,рассказывать,Уроки 11-15,,
մոտենալ,"давать, отдать",Уроки 11-15,,
հավատալ,верить,Уроки 11-15,LL-Q8785_(hye)-Vahagn_Petrosyan-հավատալ.wav.mp3,
մասին,"о, про",Уроки 11-15,,
ամառ,лето,Уроки 11-15,,
ժամացույց,часы,Уроки 11-15,,
ընկերուհի,"подруга, девушка",Уроки 11-15,,
ընկեր,"друг, парень",Уроки 11-15,,
բոլոր,все,Уроки 11-15,,
վաճառող,продавец,Уроки 11-15,,
օգնել,помогать,Уроки 11-15,,
երևի,"видимо, должно быть",Уроки 11-15,LL-Q8785_(hye)-Emptyfear-երևի.wav.ogg,
բառ,слово,Уроки 16-20,,
կտեսնեմ,увижу,Уроки 16-20,,
թարգմանել,переводить,Уроки 16-20,LL-Q8785_(hye)-Vahagn_Petrosyan-թարգմանել.wav.ogg,
ուշանալ,опаздывать,Уроки 16-20,,
այնտեղ,там,Уроки 16-20,,
խորոված,шашлык,Уроки 16-20,,
լողանալ,купаться,Уроки 16-20,,
լվացվել,умываться,Уроки 16-20,,
համալսարան,университет,Уроки 16-20,LL-Q8785_(hye)-Vahagn_Petrosyan-համալսարան.wav.ogg,
զբոսնել,гулять,Уроки 16-20,,
ընտանիք,семья,Уроки 16-20,,
ստուգել,проверять,Уроки 16-20,,
խումբ,группа,Уроки 16-20,,
բլիթներ,"блины, пончики",Уроки 16-20,,
առողջություն,здоровье,Уроки 16-20,,
ուշադիր,внимательно,Уроки 16-20,,
սիրտ,сердце,Уроки 16-20,,
արի,иди,Уроки 16-20,,
սեր,"любовь, пенка",Уроки 16-20,LL-Q8785_(hye)-Vahagn_Petrosyan-սեր.wav.ogg,
հավաքել,"собирать, убирать",Уроки 16-20,,
տետր,тетрадь,Уроки 16-20,,
տվել,отдал,Уроки 16-20,,
վերցրել,взял,Уроки 16-20,,
վերցնել,взять,Уроки 16-20,,
բանալի,ключ,Уроки 16-20,,
բացել,открыть,Уроки 16-20,,
նեղանալ,обижаться,Уроки 16-20,,
իմանալ,узнать,Уроки 16-20,,
ուշանալ,опаздывать,Уроки 16-20,,
գնացք,поезд,Уроки 16-20,LL-Q8785_(hye)-Vahagn_Petrosyan-գնացք.wav.ogg,
մաղթել,желать (кому-то),Уроки 16-20,,
ցանկանալ,желать (себе или кому-то),Уроки 16-20,,
երջանկություն,счастье,Уроки 16-20,LL-Q8785_(hye)-Vahagn_Petrosyan-երջանկություն.wav.mp3,
ամենայն բարիք,всего самого наилучшего,Уроки 16-20,,
բարիք,добро,Уроки 16-20,,
համբույր,поцелуй,Уроки 16-20,LL-Q8785_(hye)-Vahagn_Petrosyan-համբույր.wav.ogg,
զրուցել,беседовать,Уроки 16-20,,
գործ,"дело, работа",Уроки 16-20,,
հետաքրքիր,интересный,Уроки 16-20,,
արշավ,поход,Уроки 16-20,,
ոստիկան,полицейский,Уроки 16-20,LL-Q8785_(hye)-Vahagn_Petrosyan-ոստիկան.wav.ogg,
ոստիկանություն,полиция,Уроки 16-20,LL-Q8785_(hye)-Vahagn_Petrosyan-ոստիկանություն.wav.ogg,
ու վերջ,и всё,Уроки 16-20,,
ումով,кем,Уроки 16-20,,
ինչով,чем,Уроки 16-20,,
գրիչ,ручка,Уроки 16-20,,
մատիտ,карандаш,Уроки 16-20,LL-Q8785_(hye)-Vahagn_Petrosyan-մատիտ.wav.ogg,
հաճույք,удовольствие,Уроки 16-20,,
հաճույքով,с удовольствием,Уроки 16-20,,
ժամանակ,время,Уроки 16-20,,
հպարտանալ,гордиться,Уроки 16-20,,
հիանալ,восхищаться,Уроки 16-20,,
պարզ,"ясный, понятный",Уроки 16-20,,
տանձ,груша,Уроки 16-20,LL-Q8785_(hye)-Vahagn_Petrosyan-տանձ.wav.ogg,
ինչպես,как,Уроки 16-20,,
ոտք,нога,Уроки 16-20,,
ոտքով,пешком,Уроки 16-20,,
ընտանիքի անդամ,член семьи,Уроки 16-20,,
ծնող,родитель,Уроки 16-20,LL-Q8785_(hye)-Vahagn_Petrosyan-ծնող.wav.ogg,
երեխա,ребёнок,Уроки 16-20,LL-Q8785_(hye)-Vahagn_Petrosyan-երեխա.wav.ogg,
տատիկ,бабушка,Уроки 16-20,,
պապիկ,дедушка,Уроки 16-20,,
բարեկամ,"близкий друг, родственник",Уроки 16-20,,
հորեղբայր,дядя со стороны папы,Уроки 16-20,LL-Q8785_(hye)-Vahagn_Petrosyan-հորեղբայր.wav.ogg,
մորեղբայր,дядя со стороны мамы,Уроки 16-20,,
հորաքույր,тётя со стороны папы,Уроки 16-20,LL-Q8785_(hye)-Vahagn_Petrosyan-հորաքույր.wav.ogg,
մորաքույր,тётя со стороны мамы,Уроки 16-20,LL-Q8785_(hye)-Vahagn_Petrosyan-մորաքույր.wav.ogg,
զարմիկ,племянник,Уроки 16-20,,
զարմուհի,племянница,Уроки 16-20,,
դուռ,дверь,Уроки 16-20,,
մեծ,большой,Уроки 16-20,,
փոքր,маленький,Уроки 16-20,LL-Q8785_(hye)-Vahagn_Petrosyan-փոքր.wav.ogg,
հարազատ,родной,Уроки 16-20,,
ամուսնացած,женат / замужем,Уроки 16-20,,
ծուխ,дым,Уроки 16-20,LL-Q8785_(hye)-Vahagn_Petrosyan-ծուխ.wav.ogg,
ծխել,курить,Уроки 16-20,,
ավանակ,осёл,Уроки 16-20,,
քար,камень,Уроки 16-20,,
բու,сова,Уроки 16-20,,
աթոռ,стул,Уроки 16-20,,
լիճ,озеро,Уроки 16-20,LL-Q8785_(hye)-Vahagn_Petrosyan-լիճ.wav.ogg,
գետ,река,Уроки 16-20,,
աղջիկ,"девочка, девушка, дочь",Уроки 16-20,,
աման,"тарелка, сосуд",Уроки 16-20,,
բարձ,подушка,Уроки 16-20,,
մեղու,пчела,Уроки 16-20,LL-Q8785_(hye)-Vahagn_Petrosyan-մեղու.wav.ogg,
մի քանի ամիսը մեկ,раз в несколько месяцев,Уроки 16-20,,
մինչև,до,Уроки 16-20,,
սովորականի պես,по-прежнему,Уроки 16-20,,
տոնածառ,рождественская ёлка,Уроки 16-20,,
մնալ,оставаться,Уроки 16-20,,
տղամարդ,мужчина,Уроки 16-20,LL-Q8785_(hye)-Vahagn_Petrosyan-տղամարդ.wav.mp3,
տղամարդիկ,мужчины,Уроки 16-20,,
կանայք,женщины,Уроки 16-20,,
մարդիկ,люди,Уроки 16-20,,
մատ,палец,Уроки 16-20,,
թոռ,внук,Уроки 16-20,,
մկնիկ,мышка,Уроки 16-20,,
մատանի,кольцо,Уроки 16-20,,
ինչի,"чего, зачем",Уроки 16-20,,
առաքել,"отправлять, доставлять",Уроки 16-20,,
սոված,голодный,Уроки 16-20,,
բնակարան,квартира,Уроки 16-20,,
նախասենյակ,прихожая,Уроки 16-20,,
լոգարան,ванная комната,Уроки 16-20,LL-Q8785_(hye)-Yevgenya_Shamshyan_(Vahagn_Petrosyan)-լոգարան.wav.ogg,
լոգասենյակ,ванная комната,Уроки 16-20,,
ննջարան,спальня,Уроки 16-20,,
ննջասենյակ,спальня,Уроки 16-20,,
պատշգամբ,"балкон, веранда",Уроки 16-20,LL-Q8785_(hye)-Vahagn_Petrosyan-պատշգամբ.wav.ogg,
խոհանոց,кухня,Уроки 16-20,,
բաց,открытый,Уроки 16-20,,
փակ,закрытый,Уроки 16-20,,
ննջել,спать,Уроки 16-20,,
այգեգործ,садовник,Уроки 16-20,,
ծաղիկ,цветок,Уроки 21-25,,
մի քիչ,немного,Уроки 21-25,,
արթնանալ,просыпаться,Уроки 21-25,,
շենք,здание,Уроки 21-25,,
հարկ,этаж,Уроки 21-25,,
լուսամուտ,окно,Уроки 21-25,,
պատուհան,окно,Уроки 21-25,,
սեղան,стол,Уроки 21-25,,
բազմոց,диван,Уроки 21-25,,
բազկաթոռ,кресло,Уроки 21-25,,
հայելի,зеркало,Уроки 21-25,,
մահճակալ,кровать,Уроки 21-25,,
պահարան,шкаф,Уроки 21-25,,
դարակ,полка,Уроки 21-25,,
սառնարան,холодильник,Уроки 21-25,,
գազօջախ,газовая плита,Уроки 21-25,,
սալօջախ,электрическая плита,Уроки 21-25,,
լվացքի մեքենա,стиральная машина,Уроки 21-25,,
լվացարան,умывальник,Уроки 21-25,,
մուտք,"вход, въезд",Уроки 21-25,,
բազուկ,"рука, свёкла",Уроки 21-25,,
հեռուստացույց,телевизор,Уроки 21-25,,
մարդաշատ,многолюдный,Уроки 21-25,,
անվանել,называть,Уроки 21-25,,
կառուցել,строить,Уроки 21-25,,
տարազ,костюм,Уроки 21-25,,
սազել,одеваться,Уроки 21-25,,
դեսպանատուն,посольство,Уроки 21-25,,
անձնագիր,паспорт,Уроки 21-25,,
ստանալ,получить,Уроки 21-25,,
ներկայացում,представление,Уроки 21-25,,
բարձ,подушка,Уроки 21-25,,
վերմակ,одеяло,Уроки 21-25,,
գորգ,ковёр,Уроки 21-25,,
մի քանի,несколько,Уроки 21-25,,
սրբիչ,полотенце,Уроки 21-25,,
դժվար,"трудный, тяжёлый",Уроки 21-25,,
երկիր,страна / земной шар,Уроки 21-25,,
աշխարհ,"мир, земной шар",Уроки 21-25,,
պետություն,государство,Уроки 21-25,,
ազգ,нация,Уроки 21-25,,
ազգություն,национальность,Уроки 21-25,,
մշակույթ,культура,Уроки 21-25,,
հանրապետություն,республика,Уроки 21-25,,
անուն,имя,Уроки 21-25,,
ազգանուն,фамилия,Уроки 21-25,,
հայրանուն,отчество,Уроки 21-25,,
քաղաքացի,гражданин,Уроки 21-25,,
քաղաքացիություն,гражданство,Уроки 21-25,,
օտար,"чужой, иностранный",Уроки 21-25,,
ճամփորդել,путешествовать,Уроки 21-25,,
կարծել,"думать, считать",Уроки 21-25,,
անցած,прошедший,Уроки 21-25,,
սկսել,начать,Уроки 21-25,,
ձյուն,снег,Уроки 21-25,,
հայրենիք,родина,Уроки 21-25,,
Սուրբ Ծնունդ,Рождество,Уроки 21-25,,
Ամանոր,Новый Год,Уроки 21-25,,
Ձմեռ պապ,Дед Мороз,Уроки 21-25,,
ձնեմարդ,снеговик,Уроки 21-25,,
հագուստ,одежда,Уроки 21-25,,
սառել,"замёрзнуть, простудиться",Уроки 21-25,,
մրսել,"замёрзнуть, простудиться",Уроки 21-25,,
սահնակ,сани,Уроки 21-25,,
արձակուրդ,"отпуск, каникулы",Уроки 21-25,,
զարդարել,украсить,Уроки 21-25,,
նվեր,подарок,Уроки 21-25,,
պետք,"нужда, нужный",Уроки 21-25,,
Ձյունանուշ,Снегурочка,Уроки 21-25,,
եղնիկ,"олень, лань",Уроки 21-25,,
կապ,связь,Уроки 21-25,,
մորուք,борода,Уроки 21-25,,
բերել,приносить,Уроки 21-25,,
աչք,"глаз, зрение",Уроки 21-25,,
կյանք,жизнь,Уроки 21-25,,
աստված,бог,Уроки 21-25,,
իրար,друг другу,Уроки 21-25,,
ուտեստ,блюдо,Уроки 21-25,,
կենաց,тост,Уроки 21-25,,
հին,старый,Уроки 21-25,,
բարձրացնել,поднять,Уроки 21-25,,
իսկական,настоящий,Уроки 21-25,,
նվիրել,дарить,Уроки 21-25,,
պատվեր,заказ,Уроки 21-25,,
պատվիրել,заказать,Уроки 21-25,,
ամրագրել,забронировать,Уроки 21-25,,
հաշիվ,счёт,Уроки 21-25,,
կարելի,возможный,Уроки 21-25,,
ներել,прощать,Уроки 21-25,,
հանգիստ,"покой, спокойный",Уроки 21-25,,
թողնել,"оставить, отпустить",Уроки 21-25,,
կարևոր,важный,Уроки 21-25,,
եթե,если,Уроки 21-25,,
մենակ,"одинокий, в одиночку",Уроки 21-25,,
հեռու,далеко,Уроки 21-25,,
քիչ,мало,Уроки 21-25,,
առողջարար,полезный для здоровья,Уроки 21-25,,
հետևել,следить,Уроки 21-25,,
լինել,быть,Уроки 21-25,,
և սա և դա,и то и другое,Уроки 21-25,,
գավաթ,бокал,Уроки 21-25,,
նստել,"сидеть, садиться",Уроки 21-25,,
միանալ,присоединяться,Уроки 21-25,,
ընտրել,выбрать,Уроки 21-25,,
մատաղ,жертвоприношение,Уроки 21-25,,
բոյ,рост,Уроки 21-25,,
թեյավճար,чаевые,Уроки 21-25,,
թույն,"яд, супер (разг.)",Уроки 21-25,,
անուշ,сладкий,Уроки 26-30,,
քաղցր,сладкий,Уроки 26-30,,
անուշ լինի,"на здоровье, приятного аппетита",Уроки 26-30,,
բարի ախորժակ,приятного аппетита,Уроки 26-30,,
ախորժակ,аппетит,Уроки 26-30,,
ուղարկել,отправить,Уроки 26-30,,
տոնավաճառ,ярмарка,Уроки 26-30,,
գլխավոր,главный,Уроки 26-30,,
գլուխ,голова,Уроки 26-30,,
մատուցող,официант,Уроки 26-30,,
դիմաց,перед,Уроки 26-30,,
ճանապարհ,дорога,Уроки 26-30,,
գոռալ,кричать,Уроки 26-30,,
չէ որ,ведь,Уроки 26-30,,
այնքան,столько,Уроки 26-30,,
գեղեցիկ,красивый,Уроки 26-30,,
թիթեռ,бабочка,Уроки 26-30,,
բալ,вишня,Уроки 26-30,,
բալիկ,деточка,Уроки 26-30,,
ծերություն,старость,Уроки 26-30,,
կորցնել,терять,Уроки 26-30,,
քուն,сон (процесс),Уроки 26-30,,
երազ,сон (сновидение),Уроки 26-30,,
խեղճ,"жалкий, бедный",Уроки 26-30,,
միթե,неужели,Уроки 26-30,,
ծերուկ,старик,Уроки 26-30,,
շուրջ,вокруг,Уроки 26-30,,
կախվել,виснуть,Уроки 26-30,,
հայտնվել,появляться,Уроки 26-30,,
գտնել,найти,Уроки 26-30,,
վաճառել,продавать,Уроки 26-30,,
մասամբ,частично,Уроки 26-30,,
երկար,"длинный, долгий",Уроки 26-30,,
մի հատ էլ,ещё одно,Уроки 26-30,,
երկուսս էլ,мы оба,Уроки 26-30,,
ձեզ էլ,вам тоже,Уроки 26-30,,
մի անգամ էլ,ещё раз,Уроки 26-30,,
համ էլ,"также, заодно",Уроки 26-30,,
լավ էլի,"хватит, перестань",Уроки 26-30,,
բողոքել,жаловаться,Уроки 26-30,,
երևում է,кажется,Уроки 26-30,,
երևալ,"виднеться, казаться",Уроки 26-30,,
ավելի,более,Уроки 26-30,,
կորչել,"пропадать, теряться",Уроки 26-30,,
հասցնել,поспевать,Уроки 26-30,,
փնտրել,искать,Уроки 26-30,,
ընտիր,"отборный, супер (разг.)",Уроки 26-30,,
սխալ,ошибка,Уроки 26-30,,
մեկնել,уехать,Уроки 26-30,,
համեմատել,сравнивать,Уроки 26-30,,
ցույց տալ,показывать,Уроки 26-30,,
օրացույց,календарь,Уроки 26-30,,
հեռուստացույց,телевизор,Уроки 26-30,,
կողմնացույց,компас,Уроки 26-30,,
մտապահել,запоминать,Уроки 26-30,,
վայրկյան,секунда,Уроки 26-30,,
ակնթարթ,"мгновение, миг",Уроки 26-30,,
վաղը չէ մյուս օրը,послезавтра,Уроки 26-30,,
երեկ չէ առաջին օրը,позавчера,Уроки 26-30,,
անց,после,Уроки 26-30,,
պակաս,без,Уроки 26-30,,
ութոտնուկ,осьминог,Уроки 26-30,,
անցնել,проходить,Уроки 26-30,,
վարսահարդար,парикмахер,Уроки 26-30,,
վարսավիրանոց,парикмахерская,Уроки 26-30,,
ռիսկ անել,"решиться, рискнуть",Уроки 26-30,,
խորհուրդ տալ,рекомендовать,Уроки 26-30,,
ցերեկ,день,Уроки 26-30,,
կենսագրություն,биография,Уроки 26-30,,
ծնվել,родиться,Уроки 26-30,,
ընդունվել,поступить (в университет),Уроки 26-30,,
ավարտել,окончить,Уроки 26-30,,
այժմ,в настоящее время,Уроки 26-30,,
դասավանդել,преподавать,Уроки 26-30,,
հիշել,помнить,Уроки 26-30,,
թանկ,дорогой,Уроки 26-30,,
սակայն,"но, однако",Уроки 26-30,,
նորից,вновь,Уроки 26-30,,
տեղափոխվել,"перемещаться, переселяться",Уроки 26-30,,
ուրիշ,другой,Уроки 26-30,,
թվականին,в году,Уроки 26-30,,
թվականից,с года,Уроки 26-30,,
մեկուկես,полтора,Уроки 31-35,,
գործիչ,деятель,Уроки 31-35,,
գործարան,завод,Уроки 31-35,,
պաղպաղակ,мороженое,Уроки 31-35,,
պետական,государственный,Уроки 31-35,,
գրականություն,литература,Уроки 31-35,,
թարգմանություն,перевод,Уроки 31-35,,
գին,цена,Уроки 31-35,,
արժեք,стоимость,Уроки 31-35,,
էժան,дешёвый,Уроки 31-35,,
մատչելի,"доступный, дешёвый",Уроки 31-35,,
զեղչ,скидка,Уроки 31-35,,
առնել,"взять, купить",Уроки 31-35,,
շուկա,рынок,Уроки 31-35,,
տնտեսություն,хозяйство / экономика,Уроки 31-35,,
բա ոնց,а как же,Уроки 31-35,,
քանի,сколько (исчисляемое),Уроки 31-35,,
քանակ,количество,Уроки 31-35,,
ինչքան,сколько (неисчисляемое),Уроки 31-35,,
հանկարծ,вдруг,Уроки 31-35,,
միանգամից,сразу,Уроки 31-35,,
վերջապես,наконец,Уроки 31-35,,
կանգառ,остановка (транспорта),Уроки 31-35,,
կանգ,"остановка, приостановка",Уроки 31-35,,
փորձել,попробовать,Уроки 31-35,,
գործընկեր,коллега,Уроки 31-35,,
միացնել,включить,Уроки 31-35,,
վերջացնել,заканчивать,Уроки 31-35,,
հիշեցնել,напоминать,Уроки 31-35,,
հարցնել,спросить,Уроки 31-35,,
խնդրել,просить,Уроки 31-35,,
պատասխան,ответ,Уроки 31-35,,
երիտասարդ,"молодой, молодой человек",Уроки 31-35,,
պառավ,"старый, старуха",Уроки 31-35,,
գրղեցիկ,красивый (лит.),Уроки 31-35,,
ուժեղ,сильный,Уроки 31-35,,
մաս,часть,Уроки 31-35,,
բարձր,высокий,Уроки 31-35,,
վառ,яркий,Уроки 31-35,,
բարձրահասակ,высокого роста,Уроки 31-35,,
հարմար,удобный,Уроки 31-35,,
խելացի,умный,Уроки 31-35,,
լայն,широкий,Уроки 31-35,,
օրինակ,"пример, экземпляр",Уроки 31-35,,
ստացվել,получаться,Уроки 31-35,,
անցել,пройти,Уроки 31-35,,
հաստատվել,подтверждаться,Уроки 31-35,,
բաց թողնել,"пропустить, упустить, отпустить",Уроки 31-35,,
պարապմունք,занятие,Уроки 31-35,,
տառ,буква,Уроки 31-35,,
լռել,молчать,Уроки 31-35,,
մարզվել,тренироваться,Уроки 31-35,,
հասկանալ,понимать,Уроки 31-35,,
մոռանալ,забыть,Уроки 31-35,,
հստակ,"чёткий, точный",Уроки 36-40,,
ատամնաբույժ,стоматолог,Уроки 36-40,,
բանակ,армия,Уроки 36-40,,
զինված ուժեր,вооружённые силы,Уроки 36-40,,
զինվոր,солдат,Уроки 36-40,,
դրոշ,флаг,Уроки 36-40,,
նշվել ,"отмечаться, праздноваться",Уроки 36-40,,
դեմ չեմ,я не против,Уроки 36-40,,
լուծվող սուրճ,растворимый кофе,Уроки 36-40,,
նույն,"тот же, такой же",Уроки 36-40,,
հագնել,"надевать, носить",Уроки 36-40,,
սառչել,мёрзнуть,Уроки 36-40,,
մտնել,войти,Уроки 36-40,,
մեռնել,умирать,Уроки 36-40,,
խառը,смешанный,Уроки 36-40,,
ավելացնել,добавить,Уроки 36-40,,
զամբյուղ,корзина,Уроки 36-40,,
շոր,"платье, одежда, наряд",Уроки 36-40,,
ընկնել,"упасть, попасть",Уроки 36-40,,
հասնել,"достичь, дойти",Уроки 36-40,,
հջնել,спуститься,Уроки 36-40,,
ցավ,боль,Уроки 36-40,,
խանդել,ревновать,Уроки 36-40,,
ջան,душа / тело,Уроки 36-40,,
վերարկու,пальто,Уроки 36-40,,
շալվար,штаны,Уроки 36-40,,
գլխարկ,шапка,Уроки 36-40,,
գուլպաներ,носки,Уроки 36-40,,
սվիտեր,свитер,Уроки 36-40,,
շարֆ,шарф,Уроки 36-40,,
կոշիկ,обувь,Уроки 36-40,,
ամբողջ,весь,Уроки 36-40,,
նայած,"смотря, по-разному",Уроки 36-40,,
թիմ,команда,Уроки 36-40,,
ձայն,"звук, голос",Уроки 36-40,,
հետազոտություն,исследование,Уроки 36-40,,
հատկություն,свойство,Уроки 36-40,,
ամեն դեպքում,в любом случае,Уроки 36-40,,
դատարկ,пустой,Уроки 36-40,,
ստամոքս,желудок,Уроки 36-40,,
կատվի կեր,кошачий корм,Уроки 36-40,,
հատկապես,особенно,Уроки 36-40,,
դրսում,"на улице, снаружи",Уроки 36-40,,
հոդված,статья,Уроки 36-40,,
սահնակ,сани,Уроки 36-40,,
դեպք,случай,Уроки 36-40,,
այս դեպքում,в таком случае,Уроки 36-40,,
պայուսակ,сумка,Уроки 36-40,,
արագ,быстро,Уроки 36-40,,
հավաքվել,собираться,Уроки 36-40,,
ցուցակ կազմել,составить список,Уроки 36-40,,
երաժշտություն,музыка,Уроки 36-40,,
որպես,в качестве,Уроки 36-40,,
զարթուցիչ,будильник,Уроки 36-40,,
վեր կենալ,вставать,Уроки 36-40,,
այդպես,так,Уроки 36-40,,
համարյա,почти,Уроки 36-40,,
տոմսարկղ,билетная касса,Уроки 36-40,,
դրամարկղ,касса,Уроки 36-40,,
այլ,"другой, прочий",Уроки 36-40,,
հավատալ,верить,Уроки 36-40,,
միջոցառում,мероприятие,Уроки 36-40,,
ժամանակացույց,расписание,Уроки 36-40,,
վայր,место,Уроки 36-40,,
մոտակա,ближайший,Уроки 36-40,,
դառնալ,"превращаться, становиться",Уроки 36-40,,
պատմել,рассказывать,Уроки 36-40,,
մոռանալ,забывать,Уроки 36-40,,
հարմարվել,"приспосабливаться, привыкать",Уроки 41-45,,
կամաց-կամաց,потихоньку,Уроки 41-45,,
հավաքել,собирать,Уроки 41-45,,
խանգարել,мешать,Уроки 41-45,,
ճամպրուկ,чемодан,Уроки 41-45,,
տեղավորել,помещать,Уроки 41-45,,
խնդիր,"просьба, проблема",Уроки 41-45,,
տան մարդ,домосед,Уроки 41-45,,
դրսի մարդ,"человек, который любит гулять",Уроки 41-45,,
ցածր,"низкий, тихо",Уроки 41-45,,
բարձր,громко,Уроки 41-45,,
չապը,размер,Уроки 41-45,,
ջերմաստիճանը,температура,Уроки 41-45,,
շուշուտ,часто,Уроки 41-45,,
հաճախ,часто,Уроки 41-45,,
վարդակակաչ,тюльпан,Уроки 41-45,,
կակաչ,тюльпан / мак,Уроки 41-45,,
հավելված,приложение,Уроки 41-45,,
անվճար,бесплатный,Уроки 41-45,,
համաձայն,согласный,Уроки 41-45,,
հայտնի,известный,Уроки 41-45,,
հյուրասեր,гостеприимный,Уроки 41-45,,
գառ,ягнёнок,Уроки 41-45,,
հրաշալի,чудесный,Уроки 41-45,,
ընտրանի,отборный,Уроки 41-45,,
մաճառ,новое вино,Уроки 41-45,,
գոլորշի,"пар, дым",Уроки 41-45,,
ընտրություն,выбор,Уроки 41-45,,
մեկ էլ,ещё,Уроки 41-45,,
այդքան,"столько, так много",Уроки 41-45,,
միգուցե,может быть,Уроки 41-45,,
գուցե,может быть,Уроки 41-45,,
չէ՝ չէ,нет так нет,Уроки 41-45,,
զգալ,чувствовать,Уроки 41-45,,
դեմք,лицо,Уроки 41-45,,
մազ,волос,Уроки 41-45,,
վառ,яркий,Уроки 41-45,,
ազդել,влиять,Уроки 41-45,,
արձակուրդ,отпуск,Уроки 41-45,,
նուշ,миндаль,Уроки 41-45,,
նշենի,миндальное дерево,Уроки 41-45,,
վայրի,дикий,Уроки 41-45,,
դաշտային,полевой,Уроки 41-45,,
դաշտ,поле,Уроки 41-45,,
մանուկ,младенец,Уроки 41-45,,
հագնվել,одеваться,Уроки 41-45,,
կոկորդ,горло,Уроки 41-45,,
փոր,живот,Уроки 41-45,,
մեջք,спина,Уроки 41-45,,
ճնշում,давление,Уроки 41-45,,
չափել,измерять,Уроки 41-45,,
առողջ,здоровый,Уроки 41-45,,
ցավել,"болеть, вызывать боль",Уроки 41-45,,
հազալ,кашлять,Уроки 41-45,,
ջերմություն,"температура, жар",Уроки 41-45,,
տաքություն,"температура, жар",Уроки 41-45,,
կռացնել,наклонять,Уроки 41-45,,
բռնվել,"задерживаться, попадаться / заложило, затекло",Уроки 41-45,,
ահավոր,ужасный,Уроки 41-45,,
արդար,"справедливый, честный",Уроки 46-50,,46
խառնել,смешивать,Уроки 46-50,,
առողջանալ,выздоравливать,Уроки 46-50,,
վերնաշապիկ,рубашка,Уроки 46-50,,
ինք,сам,Уроки 46-50,,
ինքս,я сам,Уроки 46-50,,
ինքդ,ты сам,Уроки 46-50,,
ինքը,он сам,Уроки 46-50,,
ինքներս,мы сами,Уроки 46-50,,
ինքներդ,вы сами,Уроки 46-50,,
ինքները,они сами,Уроки 46-50,,
բուժել,лечить,Уроки 46-50,,
բուժվել,лечиться,Уроки 46-50,,
լավանալ,поправляться,Уроки 46-50,,
քսուք,мазь,Уроки 46-50,,
քիթ,нос,Уроки 46-50,,
ականջ,ухо,Уроки 46-50,,
սուր,острый / меч,Уроки 46-50,,
ծակ,отверстие,Уроки 46-50,,
հնարավոր,возможный,Уроки 46-50,,
ձանձրալի,скучный,Уроки 46-50,,
դժգոհ,недовольный,Уроки 46-50,,
գոհ,довольный,Уроки 46-50,,
ակնոց,очки,Уроки 46-50,,
կասկածելի,подозрительный,Уроки 46-50,,
լուրջ,серьёзный,Уроки 46-50,,
ապուշ,дурень,Уроки 46-50,,
զբաղվել,заниматься,Уроки 46-50,,
խաղալիք,игрушка,Уроки 46-50,,
զգույշ,осторожный,Уроки 46-50,,
արձակուրդ,"отпуск, каникулы",Уроки 46-50,,47
վարսակի ալյուր,овсянка,Уроки 46-50,,
ուրախություն,радость,Уроки 46-50,,
տխրություն,грусть,Уроки 46-50,,
զզվանք,отвращение,Уроки 46-50,,
զարմանք,удивление,Уроки 46-50,,
վաղ,страх,Уроки 46-50,,
բարկություն,злость,Уроки 46-50,,
դրական,положительный,Уроки 46-50,,
բացասական,отрицательный,Уроки 46-50,,
ինքնաթիռ,самолёт,Уроки 46-50,,
պահանջել,"требовать, заставлять",Уроки 46-50,,
խոսակցական ակումբ,разговорный клуб,Уроки 46-50,,
լեզուներ,языки,Уроки 46-50,,
ծրագրավորող,программист,Уроки 46-50,,
ծրագիր,программа,Уроки 46-50,,
Ի՞նչ ես աշխատում,Кем ты работаешь?,Уроки 46-50,,
տանը,дома,Уроки 46-50,,
պատ,стена,Уроки 46-50,,
հուշարձան,памятник,Уроки 46-50,,
հուշ,"память, воспоминание",Уроки 46-50,,
արձան,статуя,Уроки 46-50,,
Ազատության արձան,Статуя Свободы,Уроки 46-50,,
մշակույթ,культура,Уроки 46-50,,
գրականություն,литература,Уроки 46-50,,
գրականությամբ,литературой,Уроки 46-50,,
տնակ,домик,Уроки 46-50,,
ավտոտնակ,гараж,Уроки 46-50,,
միզող,мочащийся (используется о статуе),Уроки 46-50,,
հայտնի,известный,Уроки 46-50,,
ինչո՞վ,чем?,Уроки 46-50,,
երկիր,страна,Уроки 46-50,,
եկեղեցի,церковь,Уроки 46-50,,
ժամանակակից,современный,Уроки 46-50,,
Երկուսն էլ,оба,Уроки 46-50,,
ընդհանուր,В целом,Уроки 46-50,,
ոնց միշտ,"как всегда, как обычно",Уроки 46-50,,
քնել,спать,Уроки 46-50,,
զարթնել,просыпаться,Уроки 46-50,,
մինչև,до,Уроки 46-50,,
ժամ,час,Уроки 46-50,,
քայլել,гулять,Уроки 46-50,,
կիրճ,ущелье,Уроки 46-50,,
ձոր,ущелье,Уроки 46-50,,
մենակ,только; один / одна,Уроки 46-50,,
նույն ժամին,в то же время,Уроки 46-50,,
թխվածքաբլիթ,печенье,Уроки 46-50,,
բաղնիք,"баня, ванная",Уроки 46-50,,
բաղնիքդ անուշ,с лёгким паром,Уроки 46-50,,
անուշ,"сладкий, милый",Уроки 46-50,,
անուշահամ գինի,сладкое/приятное на вкус вино,Уроки 46-50,,
արևահամ,солнечный вкус,Уроки 46-50,,
պատմել,рассказать,Уроки 46-50,,
անց,после,Уроки 46-50,,
Մեկ անց կես,час тридцать,Уроки 46-50,,
ունեմ աշխատանքային հանդիպում,у меня рабочая встреча,Уроки 46-50,,
աշխատանքային զանգ,рабочий созвон,Уроки 46-50,,
երեկոյան էլ ունեմ աշխատանքային զանգ,вечером тоже у меня рабочий созвон,Уроки 46-50,,
Գործընկեր,коллега,Уроки 46-50,,
Գործընկերներ,коллеги,Уроки 46-50,,
Ղազախստան,Казахстан,Уроки 46-50,,
Խորվաթիա,Хорватия,Уроки 46-50,,
Ընկերություն,компания / дружба,Уроки 46-50,,
լավանալ,"поправиться, улучшаться",Уроки 51-55,,
հանգստանալ,"отдыхать, успокоиться",Уроки 51-55,,
շիշ,бутылка,Уроки 51-55,,
հաշիվ,счёт,Уроки 51-55,,
դրա համար,поэтому,Уроки 51-55,,
ցերեկը,днём,Уроки 51-55,,
շուտ – ուշ,рано – поздно,Уроки 51-55,,
հավաքել,"собирать, убирать, убираться",Уроки 51-55,,
պառկել,лечь,Уроки 51-55,,
օդանավակայան,аэропорт,Уроки 51-55,,
չվերթ,рейс,Уроки 51-55,,
հերիք է,достаточно,Уроки 51-55,,
սկսել,начать,Уроки 51-55,,
ունեի,у меня было,Уроки 51-55,,
Աստվածաշունչ,Библия,Уроки 51-55,,
մաս,часть,Уроки 51-55,,
սովորական,обычный,Уроки 51-55,,
տոկոս,процент,Уроки 51-55,,
ամբողջ,весь (ամբողջ օրը),Уроки 51-55,,
սարդ,паук,Уроки 51-55,,
սարդոստայն,паутина,Уроки 51-55,,
սարդի ցանց,паутина,Уроки 51-55,,
ոստայն,нитка,Уроки 51-55,,
խառն եմ,я очень занят (много дел),Уроки 51-55,,
խառը,смешанный,Уроки 51-55,,
սառը,холодный,Уроки 51-55,,
դառը,горький,Уроки 51-55,,
ուրիշ,"другой, иной",Уроки 51-55,,
այլ,"другой, иной",Уроки 51-55,,
մասին,"о, про",Уроки 51-55,,
խոսակցական ակումբ,разговорный клуб,Уроки 51-55,,
առաջ,раньше,Уроки 51-55,,
ուշադրություն,внимание,Уроки 51-55,,
սպասված,долгожданный,Уроки 51-55,,
դեղին,жёлтый,Уроки 51-55,,
համբույր/ պաչիկ,поцелуй,Уроки 51-55,,
գիրկ,объятие,Уроки 51-55,,
գրկել,обнять,Уроки 51-55,,
դնել,поставить,Уроки 51-55,,
զարթնել,проснуться,Уроки 51-55,,
չունեմ,У меня нет (сейчас),Уроки 51-55,,
չունեի,У меня не было,Уроки 51-55,,
անգամ,раз,Уроки 51-55,,
երեք անգամ շաբաթը,три раза в неделю,Уроки 51-55,,
մենակ,только; один (живу/делаю один),Уроки 51-55,,
մարդ,человек,Уроки 51-55,,
մարդիկ,люди,Уроки 51-55,,
տղամարդ,мужчина,Уроки 51-55,,
տղամարդիկ,мужчины,Уроки 51-55,,
բնապահպանություն,экология; охрана природы,Уроки 51-55,,
բնություն,природа,Уроки 51-55,,
պահպանել,защищать; сохранять,Уроки 51-55,,
էկոլոգիական,экологический,Уроки 51-55,,
բնապահպանական,экологический ,Уроки 51-55,,
ռուս,русский,Уроки 51-55,,
ռուսաստանցի,россиянин,Уроки 51-55,,
կարևոր,важный,Уроки 51-55,,
ըստ ինձ,по-моему,Уроки 51-55,,
համերգ,концерт,Уроки 51-55,,
երաժշտություն,музыка,Уроки 51-55,,
հավես չկա / չունեմ,у меня нет желания / настроения,Уроки 51-55,,
երկու շաբաթը մեկ՝ երկուշաբթի,"раз в две недели, по понедельникам",Уроки 51-55,,
երկուս ու կես,два с половиной,Уроки 51-55,,
քնել,спать,Уроки 51-55,,
հավանել,"нравиться, полюбить",Уроки 51-55,,
արշավ,поход,Уроки 51-55,,
սկզբում,в начале,Уроки 51-55,,
հիշել,помнить,Уроки 51-55,,
միշտ,всегда,Уроки 51-55,,
հիվանդանալ – հիվանդացել,заболеть – заболел,Уроки 56-60,,
մենք հիվանդացել ենք երկու անգամ,мы болели два раза,Уроки 56-60,,
միրգ,фрукт,Уроки 56-60,,
դեռ,"ещё, пока что",Уроки 56-60,,
ծանոթ,знакомый,Уроки 56-60,,
երգչախումբ,хор,Уроки 56-60,,
մասին,"о, про",Уроки 56-60,,
անցկացնել,провести,Уроки 56-60,,
տարբեր,разные,Уроки 56-60,,
հավաքել,собирать,Уроки 56-60,,
աղեղնավոր,стрелец (знак зодиака),Уроки 56-60,,
աղեղ,лук (оружие) / смычок,Уроки 56-60,,
մտածել է տալիս / ա տալիս,заставляет задуматься,Уроки 56-60,,
մտածելու տեղ ա տալիս,есть над чем подумать,Уроки 56-60,,
փակել եմ տվել,я попросила / заставила закрыть,Уроки 56-60,,
ծնողներ,родители,Уроки 56-60,,
ծնել,родить,Уроки 56-60,,
ծնող,родитель,Уроки 56-60,,
պարել,танцевать,Уроки 56-60,,
հեռու,далеко,Уроки 56-60,,
փորձնական,пробный,Уроки 56-60,,
փորձ,"попытка, опыт",Уроки 56-60,,
փորձել,пробовать,Уроки 56-60,,
հանդերձարան,примерочная,Уроки 56-60,,
երգել,петь,Уроки 56-60,,
որի մասին,про которое,Уроки 56-60,,
ժամանակակից,современный,Уроки 56-60,,
արվեստ,искусство,Уроки 56-60,,
ժամանակակից արվեստի մասին,о современном искусстве,Уроки 56-60,,
մեկ-մեկ,иногда,Уроки 56-60,,
դասական,классический,Уроки 56-60,,
մանուշակագույն,фиолетовый,Уроки 56-60,,
անցած,прошлый,Уроки 56-60,,
թանկ,дорого,Уроки 56-60,,
կատակ,шутка,Уроки 56-60,,
հումոր,юмор,Уроки 56-60,,
բնակարան,квартира,Уроки 56-60,,
Ֆրանսիացի (суффикс -ացի),француз,Уроки 56-60,,
գերմանացի,немец,Уроки 56-60,,
վրացի,грузин,Уроки 56-60,,
քաղաք,город,Уроки 56-60,,
քաղաքացի,гражданин,Уроки 56-60,,
քաղաքացիություն,гражданство,Уроки 56-60,,
ՀՀ,РА,Уроки 56-60,,
Հայաստանի Հանրապետություն,Республика Армения,Уроки 56-60,,
ՀՀ դրամ,армянский драм,Уроки 56-60,,
անձնագիր,паспорт,Уроки 56-60,,
ՌԴ ռուբլի,российский рубль,Уроки 56-60,,
ԱՄՆ դոլար,доллар США,Уроки 56-60,,
Ամերիկայի Միացյալ Նահանգներ,Соединённые Штаты Америки,Уроки 56-60,,
հանգստանալ,отдыхать,Уроки 56-60,,
ուրախանալ,радоваться,Уроки 56-60,,
լվանալ,мыть,Уроки 56-60,,
լավանալ,поправиться,Уроки 56-60,,
ամուսնանալ,жениться / выйти замуж,Уроки 56-60,,
հիանալ,восхищаться,Уроки 56-60,,
վախենալ,бояться,Уроки 56-60,,
բարձրանալ,подняться,Уроки 56-60,,
հպարտանալ,гордиться,Уроки 56-60,,
վերջանալ,закончиться,Уроки 56-60,,
ընկերանալ,подружиться,Уроки 56-60,,
ծանոթանալ,познакомиться,Уроки 56-60,,
միանալ,"соединиться, объединиться",Уроки 56-60,,
կապ չունի,"неважно, не имеет значения, мне без разницы",Уроки 56-60,,
բոյով,высокий (о человеке),Уроки 56-60,,
բարձրահասակ,высокого роста,Уроки 56-60,,
ցածրահասակ,низкого роста,Уроки 56-60,,
կարճ,короткий; невысокий (о человеке),Уроки 56-60,,
հասցնել,успеть,Уроки 56-60,,
սոված,голодный,Уроки 56-60,,
քշել,"вести, водить",Уроки 56-60,,
վարել,"вести, водить",Уроки 56-60,,
նրանք,они,Уроки 61-65,,
իրանք,они (разг.),Уроки 61-65,,
նրանց,их,Уроки 61-65,,
իրանց,их (разг.),Уроки 61-65,,
Կողքը,"возле, рядом",Уроки 61-65,,
այսպես,так,Уроки 61-65,,
տենց,так (разг.),Уроки 61-65,,
հոգնել,устать,Уроки 61-65,,
նման,"похожий, как",Уроки 61-65,,
ձայնագրություն,запись,Уроки 61-65,,
չեղարկել,отменить,Уроки 61-65,,
ընտրանի,выбор,Уроки 61-65,,
ընտրել,выбирать,Уроки 61-65,,
տեսակ,"вид, сорт",Уроки 61-65,,
խմիչք,напиток,Уроки 61-65,,
ըմպելիք,напиток,Уроки 61-65,,
հյութ,сок,Уроки 61-65,,
թխվածք,выпечка,Уроки 61-65,,
ընդեղեն,"злаки, орехи",Уроки 61-65,,
չիր,сухофрукты,Уроки 61-65,,
զարդարել,украсить,Уроки 61-65,,
զարդարանք,украшения,Уроки 61-65,,
ինքնատիպ,"оригинальный, своеобразный",Уроки 61-65,,
նախընտրել,предпочитать,Уроки 61-65,,
նյութ,"материал, вещество",Уроки 61-65,,
դեմք,лицо,Уроки 61-65,,
ուրիշ,другой,Уроки 61-65,,
դրա համար,поэтому,Уроки 61-65,,
ուղղակի,просто,Уроки 61-65,,
ասելու բան չկա,нечего говорить,Уроки 61-65,,
անելու բան չկա,нечего делать,Уроки 61-65,,
ուտելու բան չկա,нечего есть,Уроки 61-65,,
սովորականի պես,как обычно,Уроки 61-65,,
հույս ունեմ,надеюсь,Уроки 61-65,,
հուսով եմ,надеюсь,Уроки 61-65,,
կլինի,будет,Уроки 61-65,,
հասցե,адрес,Уроки 61-65,,
դուրս գալ,"выходить, выйти",Уроки 61-65,,
քան,чем,Уроки 61-65,,
չեղարկել,отменить,Уроки 61-65,,
կազմակերպել,организовать,Уроки 61-65,,
կազմակերպիչ,организатор,Уроки 61-65,,
կազմակերպող,организующий,Уроки 61-65,,
գտնել,найти,Уроки 61-65,,
առյուծ,лев,Уроки 61-65,,
արքան,"царь, король",Уроки 61-65,,
վախեցնող,пугающий,Уроки 61-65,,
երախ,пасть,Уроки 61-65,,
խոշոր,крупный,Уроки 61-65,,
ցամաք,суша,Уроки 61-65,,
ճարպիկ,ловкий,Уроки 61-65,,
ձագուկ,детёныш,Уроки 61-65,,
փոր,живот,Уроки 61-65,,
կրել,носить,Уроки 61-65,,
պարկ,сумка,Уроки 61-65,,
ուսապարկ,рюкзак,Уроки 61-65,,
պայուսակ,сумка,Уроки 61-65,,
քնկոտ,сонливый,Уроки 61-65,,
սուր,острый (нож),Уроки 61-65,,
եղնիկ / եղջերու,олень,Уроки 61-65,,
եղջյուր,рог,Уроки 61-65,,
արագ,быстро,Уроки 61-65,,
զոլեր,полоски,Уроки 61-65,,
պաշտպանել,защищать,Уроки 61-65,,
գիշատիչ,хищник,Уроки 61-65,,
գետաձի,бегемот,Уроки 61-65,,
անցկացնել,проводить,Уроки 61-65,,
մեծ մասը,большая часть,Уроки 61-65,,
ջղային,"злой, сердитый",Уроки 61-65,,
բրդոտ,мохнатый,Уроки 61-65,,
բուրդ,шерсть,Уроки 61-65,,
մասամբ,частично,Уроки 61-65,,
պահ,момент,Уроки 61-65,,
այս պահին,на данный момент,Уроки 61-65,,
արհեստական բանականություն,искусственный интеллект,Уроки 61-65,,
անել մինչև վերջ,сделать до конца,Уроки 61-65,,
ծովատառեխ,селёдка,Уроки 61-65,,
օգտագործել,использовать,Уроки 61-65,,
խեցգետնի ձողիկներ,крабовые палочки,Уроки 61-65,,
օձ,змея,Уроки 61-65,,
բարձր,высокий,Уроки 61-65,,
բարձրություն,высота,Уроки 61-65,,
մութ,тёмный,Уроки 61-65,,
մթություն,темнота,Уроки 61-65,,
ինքնաթիռ,самолёт,Уроки 61-65,,
թռչել,летать,Уроки 61-65,,
